total_loss,rec_loss,z_kl_loss,s_kl_loss,epoch,step
1200.940673828125,599.8518676757812,361.81884765625,8.751559257507324,0,49
1267.645751953125,632.8623046875,1064.912109375,8.562013626098633,0,99
1045.51171875,521.7591552734375,966.0797119140625,10.273420333862305,0,149
1163.450927734375,580.822998046875,771.1095581054688,10.337543487548828,0,199
1257.7470703125,627.9065551757812,890.6686401367188,10.433389663696289,0,249
1313.073974609375,655.573974609375,871.537109375,10.544526100158691,0,299
1048.3292236328125,522.6847534179688,1007.5271606445312,19.52117156982422,0,349
1132.145751953125,563.8822021484375,1593.24755859375,27.880495071411133,0,399
1234.94189453125,615.6748657226562,1404.2822265625,21.878307342529297,0,449
1301.224609375,648.77587890625,1551.751708984375,21.21128273010254,0,499
1237.122314453125,616.589599609375,1552.5,23.905860900878906,0,549
1150.279541015625,572.3675537109375,2127.7890625,34.16619873046875,0,599
980.1904907226562,486.9226989746094,2391.690185546875,39.53410339355469,0,649
1110.0888671875,551.0567016601562,2296.839111328125,56.78538513183594,0,699
1064.1634521484375,527.1599731445312,3267.58984375,65.75980377197266,0,749
914.5907592773438,451.8204040527344,3607.22802734375,73.42736053466797,0,799
1018.522705078125,507.99420166015625,2534.31884765625,98.11845397949219,1,849
980.7328491210938,487.66461181640625,5403.6533203125,344.03521728515625,1,899
938.3477783203125,466.5374755859375,5272.85546875,528.9853515625,1,949
833.5015869140625,414.26837158203125,4964.857421875,697.9046630859375,1,999
862.1405639648438,428.2572021484375,5626.1787109375,780.2271728515625,1,1049
894.35595703125,444.368408203125,5619.13671875,884.17333984375,1,1099
988.5596313476562,491.37030029296875,5819.04296875,1029.5589599609375,1,1149
884.53173828125,439.69451904296875,5142.68603515625,1096.6087646484375,1,1199
982.4827270507812,488.62359619140625,5235.53125,1125.655517578125,1,1249
906.7836303710938,450.85479736328125,5074.0185546875,1183.0455322265625,1,1299
917.2003784179688,455.71185302734375,5776.6787109375,1286.0107421875,1,1349
794.7675170898438,394.692138671875,5383.2626953125,1219.062255859375,1,1399
841.15087890625,417.51934814453125,6112.15673828125,1313.4814453125,1,1449
818.4488525390625,406.5796203613281,5289.6220703125,1239.153076171875,1,1499
830.1463623046875,412.60345458984375,4939.44775390625,1289.671142578125,1,1549
798.3612060546875,396.6756286621094,5009.9267578125,1274.054931640625,1,1599
792.8938598632812,393.77923583984375,5335.40087890625,1395.828125,1,1649
902.5117797851562,448.6246337890625,5262.501953125,1427.7799072265625,2,1699
797.7036743164062,396.2185363769531,5266.6044921875,1450.1851806640625,2,1749
793.4984130859375,394.07049560546875,5357.451171875,1473.469482421875,2,1799
793.3011474609375,394.11224365234375,5076.634765625,1504.98291015625,2,1849
905.5440673828125,449.95343017578125,5637.234375,1624.08203125,2,1899
958.373046875,476.4410705566406,5490.896484375,1573.2271728515625,2,1949
917.2283325195312,455.6833801269531,5861.55908203125,1521.480712890625,2,1999
695.178955078125,345.21832275390625,4742.296875,1504.292724609375,2,2049
812.9909057617188,403.8505859375,5289.74169921875,1555.72314453125,2,2099
759.7110595703125,377.1767578125,5357.54296875,1615.2008056640625,2,2149
799.9530029296875,397.41558837890625,5121.82958984375,1639.7342529296875,2,2199
767.2174072265625,381.017822265625,5181.79052734375,1612.945068359375,2,2249
850.4146728515625,422.6436767578125,5127.298828125,1630.042724609375,2,2299
778.99169921875,386.91070556640625,5170.30615234375,1666.7698974609375,2,2349
900.3212890625,447.97576904296875,4369.75048828125,1631.367919921875,2,2399
801.3978881835938,397.957763671875,5482.38525390625,1650.33251953125,2,2449
787.4736938476562,391.0409851074219,5391.72607421875,1723.719970703125,2,2499
785.2699584960938,390.50030517578125,4269.3369140625,1666.008056640625,3,2549
869.2656860351562,432.421142578125,4423.3740234375,1761.03564453125,3,2599
782.7725830078125,388.9945068359375,4783.56884765625,1701.9825439453125,3,2649
883.2177734375,439.3651123046875,4487.56494140625,1675.1136474609375,3,2699
739.4210815429688,367.52716064453125,4366.7509765625,1689.981689453125,3,2749
784.1510620117188,389.82525634765625,4500.552734375,1767.9486083984375,3,2799
846.0891723632812,420.77386474609375,4541.4697265625,1709.44482421875,3,2849
726.2401733398438,360.8677978515625,4504.56982421875,1686.5238037109375,3,2899
847.7904052734375,421.65032958984375,4489.72998046875,1711.214111328125,3,2949
829.7005615234375,412.11962890625,5461.29541015625,1793.981201171875,3,2999
772.9920654296875,384.2830810546875,4425.9189453125,1761.06591796875,3,3049
752.33837890625,373.6462097167969,5045.93603515625,1716.68017578125,3,3099
802.0044555664062,398.71453857421875,4575.3505859375,1815.43505859375,3,3149
751.8364868164062,373.71258544921875,4411.326171875,1743.918212890625,3,3199
737.1129760742188,366.1722412109375,4768.474609375,1789.1923828125,3,3249
784.0853881835938,389.7713317871094,4542.736328125,1867.852294921875,3,3299
660.0079956054688,328.0292663574219,3949.48291015625,1789.1923828125,3,3349
770.7311401367188,382.8160400390625,5099.044921875,1948.505126953125,4,3399
797.7068481445312,396.752197265625,4202.453125,1919.296630859375,4,3449
679.7142333984375,337.74505615234375,4224.12744140625,1915.1474609375,4,3499
741.1921997070312,368.4029235839844,4386.36767578125,1898.267578125,4,3549
779.0350952148438,387.2978515625,4439.41259765625,1853.145751953125,4,3599
703.34375,349.47802734375,4387.71240234375,1864.30224609375,4,3649
836.3453369140625,415.7252197265625,4894.8896484375,1909.4725341796875,4,3699
802.8590698242188,399.1329345703125,4593.197265625,1961.972412109375,4,3749
762.9413452148438,379.4169006347656,4107.5205078125,1933.7489013671875,4,3799
855.5459594726562,425.7527160644531,4040.51123046875,1962.4749755859375,4,3849
800.6658325195312,398.20159912109375,4262.65087890625,1898.095458984375,4,3899
785.0584716796875,390.1954345703125,4667.572265625,2025.6435546875,4,3949
822.06201171875,409.03863525390625,3984.76611328125,1950.797607421875,4,3999
803.3861083984375,399.68914794921875,4007.79541015625,1924.7396240234375,4,4049
735.7068481445312,365.89996337890625,3906.9169921875,1879.638916015625,4,4099
832.6910400390625,414.284423828125,4122.20703125,2002.09765625,4,4149
563.2792358398438,279.6772766113281,3924.70068359375,1901.6153564453125,4,4199
2409.3564453125,387.9795837402344,4147.8349609375,2017.2286376953125,4,4219
770.6282348632812,379.7150573730469,3770.53564453125,742.75830078125,5,4249
813.1175537109375,400.8712158203125,4130.4521484375,724.4698486328125,5,4299
943.6287841796875,465.88665771484375,4422.66015625,743.282958984375,5,4349
713.5404052734375,351.3629150390625,3870.74267578125,694.3861083984375,5,4399
903.5797729492188,446.31707763671875,3881.4169921875,706.4183959960938,5,4449
896.1156616210938,442.07379150390625,4369.05859375,759.9011840820312,5,4499
771.8916625976562,380.55657958984375,3797.813232421875,698.0691528320312,5,4549
781.4358520507812,385.3929748535156,3867.771728515625,678.212646484375,5,4599
868.578857421875,428.93487548828125,3635.3642578125,707.3738403320312,5,4649
885.3406372070312,436.884033203125,4397.2822265625,717.5322265625,5,4699
774.2094116210938,381.9837646484375,3551.74853515625,669.0116577148438,5,4749
745.8062744140625,367.2152099609375,4517.3525390625,685.8502197265625,5,4799
899.7581787109375,444.3421630859375,3846.29443359375,722.7515869140625,5,4849
759.5222778320312,374.5566711425781,3545.9365234375,686.2981567382812,5,4899
785.0975952148438,387.0726623535156,4163.99560546875,678.8292236328125,5,4949
868.912109375,428.96875,4276.283203125,669.8306274414062,5,4999
719.786376953125,354.3880615234375,4079.0166015625,693.118896484375,5,5049
752.1686401367188,370.3697509765625,3474.27685546875,662.9014892578125,6,5099
819.7993774414062,404.099609375,4016.600830078125,631.9609375,6,5149
845.7756958007812,416.6055908203125,4456.9287109375,675.63623046875,6,5199
699.8832397460938,344.45513916015625,3272.687255859375,641.6865234375,6,5249
639.0381469726562,313.8669738769531,3255.333984375,670.7429809570312,6,5299
726.8290405273438,357.8542785644531,3495.419677734375,635.4232177734375,6,5349
694.3115844726562,341.6402893066406,3502.54638671875,627.3689575195312,6,5399
821.0147094726562,404.5903625488281,4076.50244140625,646.4596557617188,6,5449
709.4923095703125,349.1208190917969,3361.408935546875,657.4381713867188,6,5499
731.3680419921875,360.2319030761719,3471.3701171875,619.40576171875,6,5549
744.9091796875,366.71038818359375,3796.96337890625,640.95556640625,6,5599
705.9078979492188,347.3206787109375,3777.40283203125,624.09716796875,6,5649
768.9557495117188,378.7766418457031,3770.87060546875,635.9655151367188,6,5699
787.261474609375,387.99981689453125,3581.153564453125,640.056640625,6,5749
800.3841552734375,394.56683349609375,3749.149169921875,625.1102294921875,6,5799
813.1715087890625,401.2271423339844,3422.25,607.9163818359375,6,5849
755.253662109375,371.90350341796875,3772.192626953125,639.5375366210938,6,5899
914.4985961914062,450.64813232421875,4047.784423828125,653.8937377929688,7,5949
694.8682250976562,340.77734375,4314.19970703125,642.8079223632812,7,5999
741.8739013671875,364.58660888671875,3819.78173828125,634.3519287109375,7,6049
789.6241455078125,388.7783203125,3419.762939453125,617.6971435546875,7,6099
694.4362182617188,341.28839111328125,3202.970947265625,618.319580078125,7,6149
768.0505981445312,378.1451416015625,3315.59228515625,603.19384765625,7,6199
696.329833984375,342.2476501464844,3415.25244140625,601.377197265625,7,6249
746.6751708984375,367.6082763671875,3399.3955078125,575.6585693359375,7,6299
737.1519775390625,362.6136779785156,3445.677978515625,605.6387939453125,7,6349
845.8330078125,416.9691162109375,3280.674560546875,615.2903442382812,7,6399
776.8011474609375,382.4068908691406,3719.823974609375,590.5377197265625,7,6449
875.4781494140625,431.3381042480469,3857.82666015625,638.8621215820312,7,6499
769.5791625976562,378.92047119140625,3306.4580078125,602.267578125,7,6549
915.2066650390625,451.3939514160156,3788.465087890625,616.450439453125,7,6599
720.6007690429688,354.5848388671875,3299.81982421875,580.8064575195312,7,6649
876.0784912109375,431.681640625,3911.692138671875,628.82373046875,7,6699
771.9923095703125,380.2391357421875,3008.251708984375,607.5575561523438,7,6749
768.4300537109375,377.44720458984375,3846.169921875,605.5925903320312,8,6799
745.5452270507812,366.3431091308594,3527.283203125,583.23193359375,8,6849
754.19140625,371.03106689453125,2772.91552734375,584.7734375,8,6899
811.9074096679688,399.4296875,3945.56982421875,568.9060668945312,8,6949
717.61767578125,352.30413818359375,3676.1513671875,583.3291015625,8,6999
733.2652587890625,360.25738525390625,3454.712890625,580.9859008789062,8,7049
692.3340454101562,339.76904296875,3541.65673828125,578.3925170898438,8,7099
754.0204467773438,370.7032470703125,3403.112548828125,575.675537109375,8,7149
746.1023559570312,366.84686279296875,3450.59521484375,559.8743896484375,8,7199
766.6282958984375,376.91888427734375,3130.64453125,603.745849609375,8,7249
759.6121826171875,373.28076171875,3589.447265625,591.322998046875,8,7299
732.578125,360.4065246582031,3034.84619140625,545.638671875,8,7349
908.0078735351562,447.2527160644531,3700.936767578125,612.593505859375,8,7399
700.737548828125,344.0899658203125,3374.71484375,573.932373046875,8,7449
682.5767211914062,335.06158447265625,3161.08642578125,580.77978515625,8,7499
767.0873413085938,377.2103576660156,3310.56689453125,584.756591796875,8,7549
861.901123046875,424.2916259765625,3125.401611328125,566.2467651367188,9,7599
785.40283203125,386.0812683105469,3435.84814453125,544.6903076171875,9,7649
772.697021484375,379.56353759765625,3463.94921875,561.4456787109375,9,7699
799.7017211914062,393.2559814453125,3130.5576171875,558.84326171875,9,7749
770.30078125,378.2063903808594,3654.54150390625,568.5242919921875,9,7799
685.0011596679688,336.1955261230469,2875.951904296875,540.7839965820312,9,7849
911.6035766601562,449.19732666015625,3283.92041015625,551.387939453125,9,7899
752.4521484375,369.646484375,3150.78955078125,556.0215454101562,9,7949
950.6801147460938,468.1583251953125,3818.22705078125,585.8475341796875,9,7999
806.8884887695312,396.65771484375,3069.54443359375,583.5314331054688,9,8049
914.9511108398438,450.6638488769531,3203.2373046875,578.89794921875,9,8099
753.2799682617188,370.19244384765625,3004.03125,549.5016479492188,9,8149
799.2688598632812,392.6780700683594,3320.02099609375,588.4833374023438,9,8199
740.8497924804688,363.45892333984375,3966.43505859375,553.6387329101562,9,8249
846.7883911132812,416.5789489746094,3710.937255859375,551.0875244140625,9,8299
786.585693359375,386.52880859375,3113.146484375,578.607177734375,9,8349
680.855224609375,334.0389404296875,3093.856201171875,537.9711303710938,9,8399
913.894775390625,372.9916687011719,3259.217041015625,537.6438598632812,9,8439
704.074462890625,344.81781005859375,3768.017578125,533.5416870117188,10,8449
708.6840209960938,347.45758056640625,3064.732177734375,535.2051391601562,10,8499
822.1986083984375,403.96551513671875,3412.31591796875,542.7640380859375,10,8549
735.7811889648438,360.7681884765625,3319.5986328125,546.2626342773438,10,8599
689.0927734375,337.478759765625,3502.16064453125,531.6560668945312,10,8649
843.5591430664062,414.79644775390625,3403.026123046875,528.1622314453125,10,8699
835.857666015625,410.884033203125,3419.308837890625,533.51513671875,10,8749
764.0104370117188,375.16851806640625,3062.525146484375,530.54541015625,10,8799
675.0517578125,330.98748779296875,2892.150634765625,509.2308654785156,10,8849
747.45703125,366.7815856933594,2957.44482421875,546.8199462890625,10,8899
738.26416015625,362.15264892578125,3147.04931640625,540.5902099609375,10,8949
849.9451904296875,417.80865478515625,3830.050048828125,524.8897705078125,10,8999
739.8388671875,363.29095458984375,3240.98876953125,500.79815673828125,10,9049
713.8328857421875,350.0331115722656,2991.76025390625,538.745361328125,10,9099
799.4766845703125,392.75537109375,3363.679443359375,530.1124267578125,10,9149
736.5922241210938,361.172119140625,3345.108154296875,545.143310546875,10,9199
699.8292236328125,343.04803466796875,3141.712158203125,529.5709228515625,10,9249
919.1830444335938,451.9124755859375,3394.61865234375,543.7968139648438,11,9299
736.6962890625,361.26641845703125,3300.31787109375,493.7812194824219,11,9349
816.1253662109375,400.7324523925781,3144.03466796875,523.474853515625,11,9399
690.2863159179688,337.77386474609375,3600.357421875,506.2827453613281,11,9449
815.8111572265625,400.031494140625,3533.66455078125,555.202392578125,11,9499
761.3688354492188,373.173095703125,3214.7275390625,536.7239990234375,11,9549
758.9732666015625,372.4763488769531,2997.04248046875,501.06744384765625,11,9599
821.6732788085938,403.68585205078125,3230.94189453125,503.2098388671875,11,9649
846.9104614257812,415.74237060546875,3349.52197265625,548.917236328125,11,9699
699.0213012695312,342.32452392578125,3206.9853515625,507.5134582519531,11,9749
754.4613647460938,370.09490966796875,3455.26953125,491.64886474609375,11,9799
748.835205078125,367.186279296875,3091.27490234375,516.881103515625,11,9849
793.61669921875,389.3472900390625,3094.37451171875,537.6266479492188,11,9899
799.5916137695312,392.18310546875,3662.4140625,525.590576171875,11,9949
742.723876953125,363.8311767578125,3542.908935546875,523.572265625,11,9999
872.3781127929688,428.5704345703125,3648.6669921875,526.7530517578125,11,10049
740.9173583984375,363.2435302734375,3386.513671875,501.989501953125,11,10099
776.7936401367188,380.6233825683594,3330.265380859375,509.024658203125,12,10149
777.4642944335938,381.0337829589844,3555.5625,493.3832702636719,12,10199
836.1396484375,410.4009704589844,2819.12060546875,521.60986328125,12,10249
797.7305297851562,391.2955322265625,3319.248779296875,492.509033203125,12,10299
824.566162109375,405.0003662109375,2663.798828125,495.90142822265625,12,10349
644.140625,314.8284606933594,3143.38427734375,472.5136413574219,12,10399
701.3438110351562,343.22552490234375,3259.09912109375,484.7356262207031,12,10449
773.4843139648438,379.281982421875,2795.013671875,505.22210693359375,12,10499
745.7014770507812,365.3504638671875,3484.134765625,479.84979248046875,12,10549
831.3162231445312,407.9703063964844,3325.2822265625,502.0987548828125,12,10599
693.8497314453125,339.61395263671875,3189.35205078125,476.3526916503906,12,10649
798.3307495117188,391.7745361328125,3176.62109375,483.54266357421875,12,10699
807.2123413085938,396.097412109375,3204.26708984375,492.2171630859375,12,10749
694.5905151367188,339.68475341796875,3219.044677734375,500.0823059082031,12,10799
695.7354736328125,340.21160888671875,3078.24658203125,509.7505187988281,12,10849
781.2992553710938,383.35614013671875,2625.283447265625,498.403076171875,12,10899
646.117431640625,315.1900939941406,3176.9755859375,523.344482421875,12,10949
695.2723999023438,339.8152160644531,3349.2001953125,472.79986572265625,13,10999
867.798095703125,425.8149108886719,3247.2041015625,496.9645690917969,13,11049
792.2894897460938,388.1815490722656,3458.0390625,479.5501708984375,13,11099
670.7281494140625,327.6122741699219,3444.794921875,463.8000793457031,13,11149
772.3822021484375,378.2828674316406,3765.29052734375,463.5048828125,13,11199
693.7461547851562,339.44927978515625,3035.50537109375,454.3110656738281,13,11249
779.1366577148438,381.2791748046875,3430.879638671875,505.6702575683594,13,11299
632.69189453125,308.80731201171875,2987.293212890625,464.99835205078125,13,11349
689.52783203125,337.3909606933594,3086.778564453125,448.42779541015625,13,11399
733.2150268554688,358.72943115234375,3565.635986328125,468.86712646484375,13,11449
655.1231079101562,320.34136962890625,3003.522216796875,439.8779296875,13,11499
736.49462890625,360.59967041015625,3159.5087890625,466.7605285644531,13,11549
687.958740234375,336.24151611328125,3271.3251953125,469.3995361328125,13,11599
680.129150390625,332.0791015625,3361.78759765625,484.9654541015625,13,11649
685.3010864257812,335.01922607421875,3016.982177734375,470.98828125,13,11699
727.431396484375,355.96112060546875,3508.072021484375,461.5810546875,13,11749
882.793212890625,433.73992919921875,3122.78466796875,468.86669921875,13,11799
787.6415405273438,385.99041748046875,3126.6220703125,447.6451721191406,14,11849
894.2070922851562,438.6389465332031,3615.576171875,475.48492431640625,14,11899
808.1904907226562,395.63800048828125,3358.287109375,484.15008544921875,14,11949
653.3634643554688,318.6920166015625,3429.996826171875,448.193115234375,14,11999
810.8804321289062,397.43450927734375,3462.28564453125,448.18414306640625,14,12049
696.660888671875,340.68994140625,2918.8232421875,441.506591796875,14,12099
758.5525512695312,370.9910583496094,3363.81005859375,471.6636047363281,14,12149
821.1499633789062,402.6180725097656,3329.406494140625,449.4422912597656,14,12199
709.4291381835938,346.7171630859375,3382.97216796875,450.4223937988281,14,12249
721.173583984375,352.6883239746094,3143.083740234375,451.92376708984375,14,12299
715.2133178710938,349.706298828125,3292.4443359375,446.72601318359375,14,12349
788.9251098632812,386.440185546875,3418.21484375,450.946533203125,14,12399
764.5843505859375,374.39892578125,2959.50927734375,458.10675048828125,14,12449
833.0626220703125,408.56451416015625,3165.84423828125,455.9921569824219,14,12499
683.0407104492188,333.82171630859375,2918.80859375,445.659423828125,14,12549
661.1697998046875,322.8460693359375,3183.69189453125,439.0700988769531,14,12599
789.89306640625,387.0198059082031,3193.072998046875,452.15679931640625,14,12649
811.2885131835938,358.3563232421875,3258.306884765625,449.67388916015625,14,12659
666.0657958984375,325.4635009765625,2983.36474609375,405.18182373046875,15,12699
624.7167358398438,304.4407958984375,2731.05810546875,436.8028564453125,15,12749
770.7501831054688,377.00439453125,3550.77734375,439.6872253417969,15,12799
705.0301513671875,344.22894287109375,3227.77734375,444.81512451171875,15,12849
773.944091796875,378.67388916015625,3331.348388671875,442.1644592285156,15,12899
744.5850219726562,364.3771057128906,3259.042724609375,419.0599365234375,15,12949
646.6591186523438,315.691650390625,2701.628173828125,419.1403503417969,15,12999
684.3756103515625,333.9329528808594,3564.5068359375,431.506591796875,15,13049
840.5625610351562,411.6386413574219,3689.06201171875,453.2056579589844,15,13099
643.2572631835938,313.601806640625,3280.07275390625,425.78466796875,15,13149
705.320068359375,344.40594482421875,3624.802978515625,429.445556640625,15,13199
698.2601928710938,340.9114990234375,3275.091552734375,438.737060546875,15,13249
682.8648071289062,333.4114990234375,3306.845703125,424.498779296875,15,13299
837.1431884765625,410.2069091796875,3286.745849609375,448.08709716796875,15,13349
875.9891357421875,429.6927490234375,3069.311279296875,451.1427307128906,15,13399
793.1777954101562,388.0651550292969,3685.620361328125,445.3958740234375,15,13449
714.4788208007812,348.6623229980469,3534.990234375,453.9731750488281,15,13499
742.4282836914062,362.57501220703125,3151.305419921875,441.46673583984375,16,13549
830.2027587890625,406.0653076171875,3923.700927734375,442.1387634277344,16,13599
693.0067749023438,337.96307373046875,3485.605712890625,424.8445739746094,16,13649
692.732421875,338.0912170410156,3287.291259765625,414.4584045410156,16,13699
692.3011474609375,337.58062744140625,3554.810546875,424.5332946777344,16,13749
734.1566772460938,358.6870422363281,3109.405517578125,427.2860412597656,16,13799
730.417236328125,356.9781494140625,3454.2275390625,406.4600830078125,16,13849
800.3605346679688,391.1941833496094,3928.6083984375,438.86126708984375,16,13899
765.3306274414062,373.8714599609375,3566.120849609375,438.1753845214844,16,13949
847.7230834960938,415.09765625,3381.78076171875,442.0626220703125,16,13999
680.6973266601562,332.1835021972656,2968.061767578125,417.57073974609375,16,14049
706.6875610351562,345.4046325683594,3077.62109375,400.0196533203125,16,14099
648.8563842773438,316.3587341308594,3210.9140625,403.99859619140625,16,14149
747.0797119140625,365.29974365234375,3523.42578125,404.9005126953125,16,14199
636.8758544921875,310.0677490234375,3413.063232421875,416.4770812988281,16,14249
650.2066040039062,316.7073974609375,3128.47607421875,426.9782409667969,16,14299
680.4505615234375,331.8825988769531,3099.590576171875,399.58123779296875,17,14349
696.2020263671875,339.4795227050781,3507.255859375,403.99090576171875,17,14399
770.1441040039062,376.0177307128906,3839.85400390625,419.66973876953125,17,14449
679.4100341796875,331.5325012207031,3211.40673828125,386.2822265625,17,14499
752.56201171875,367.6427001953125,3376.5361328125,408.82562255859375,17,14549
749.0762329101562,366.07733154296875,3318.60107421875,400.0880126953125,17,14599
781.4030151367188,381.865966796875,3592.39111328125,414.0791931152344,17,14649
622.4934692382812,302.8834228515625,3337.364501953125,393.8018493652344,17,14699
752.8355712890625,367.82794189453125,3412.19287109375,404.9273681640625,17,14749
828.896484375,405.81561279296875,3466.21533203125,405.85552978515625,17,14799
760.626708984375,371.9735107421875,3012.95361328125,401.96343994140625,17,14849
733.71142578125,358.0562744140625,3513.3935546875,414.28045654296875,17,14899
688.8302612304688,336.2900390625,2902.569091796875,392.576904296875,17,14949
686.2504272460938,334.6556091308594,3198.358154296875,404.14178466796875,17,14999
706.9187622070312,345.2167053222656,3330.06005859375,386.92041015625,17,15049
773.9076538085938,378.6219787597656,3115.765380859375,398.4687194824219,17,15099
773.1117553710938,377.75830078125,3470.75830078125,415.4229431152344,17,15149
683.6175537109375,333.11822509765625,3262.75244140625,392.17620849609375,18,15199
767.358154296875,374.9200134277344,3338.166748046875,393.8869934082031,18,15249
671.3327026367188,327.48468017578125,2995.67626953125,371.3236999511719,18,15299
658.4912109375,320.9967956542969,3071.978271484375,372.93548583984375,18,15349
737.274169921875,360.25555419921875,3058.140380859375,380.69195556640625,18,15399
720.5914306640625,351.64068603515625,3684.07421875,378.49884033203125,18,15449
784.9550170898438,383.8008728027344,3408.68408203125,387.3491516113281,18,15499
774.1878051757812,378.1685791015625,3727.48193359375,392.3101806640625,18,15549
742.9025268554688,362.7489013671875,3021.743408203125,399.5270690917969,18,15599
623.9308471679688,303.5689697265625,3214.21435546875,377.1850891113281,18,15649
747.020263671875,364.921630859375,3475.56689453125,380.59564208984375,18,15699
741.249755859375,361.9355163574219,3571.04931640625,383.54632568359375,18,15749
690.5891723632812,336.34112548828125,3750.62353515625,393.2314147949219,18,15799
763.8279418945312,373.5755920410156,3292.904296875,371.7735290527344,18,15849
770.9153442382812,376.62591552734375,3473.18603515625,394.1756591796875,18,15899
761.54345703125,371.91082763671875,3517.08056640625,394.575927734375,18,15949
664.9047241210938,324.2352294921875,3133.45703125,369.46636962890625,18,15999
820.4321899414062,401.1498107910156,4003.93408203125,371.80621337890625,19,16049
768.324951171875,374.60089111328125,4320.0830078125,389.55523681640625,19,16099
781.015625,381.8289794921875,3170.29296875,373.3526306152344,19,16149
730.3440551757812,355.9098815917969,3670.974853515625,390.87725830078125,19,16199
707.3722534179688,345.06298828125,3505.27001953125,361.6058654785156,19,16249
731.1524047851562,356.54742431640625,3745.04736328125,376.644287109375,19,16299
686.5842895507812,334.33154296875,3297.24853515625,384.8416748046875,19,16349
770.1602783203125,376.15472412109375,3344.64208984375,381.7411193847656,19,16399
705.9739379882812,343.6164245605469,3655.75341796875,396.9828796386719,19,16449
679.7793579101562,330.9476318359375,3816.452392578125,370.2003173828125,19,16499
679.9172973632812,331.3917236328125,3309.095458984375,363.8093566894531,19,16549
710.7384643554688,346.51214599609375,3546.1103515625,372.8451843261719,19,16599
658.639892578125,320.94415283203125,3378.839111328125,351.91357421875,19,16649
702.57421875,342.5137939453125,3189.407958984375,377.82220458984375,19,16699
779.0455932617188,380.26837158203125,3773.917236328125,387.7610168457031,19,16749
717.8295288085938,350.114990234375,3445.36279296875,372.4784851074219,19,16799
753.4772338867188,367.3812255859375,3614.56640625,397.3744201660156,19,16849
703.874267578125,344.8841247558594,3222.39208984375,355.76788330078125,19,16879
732.7642822265625,357.61767578125,3009.998779296875,362.97314453125,20,16899
623.9107055664062,303.32818603515625,3137.03662109375,352.93212890625,20,16949
709.2828369140625,345.193603515625,4044.7685546875,371.27166748046875,20,16999
729.647705078125,355.68182373046875,3489.330810546875,369.8678894042969,20,17049
742.579345703125,362.531494140625,3376.96484375,353.485595703125,20,17099
686.0426025390625,334.700927734375,3051.005859375,339.7423095703125,20,17149
691.5072021484375,336.68365478515625,3783.5263671875,358.9097900390625,20,17199
622.1708984375,302.7453918457031,2995.0693359375,342.126708984375,20,17249
712.211181640625,346.91748046875,3866.2109375,362.74993896484375,20,17299
739.8208618164062,360.84979248046875,3415.06884765625,367.65582275390625,20,17349
760.4574584960938,371.03765869140625,3732.178466796875,366.2497253417969,20,17399
614.7555541992188,298.60601806640625,3485.30419921875,351.455810546875,20,17449
683.0983276367188,332.9378662109375,3465.54248046875,343.9263916015625,20,17499
629.4083251953125,305.96636962890625,3663.653076171875,345.2989196777344,20,17549
691.3040161132812,337.1022644042969,3492.8115234375,340.1670837402344,20,17599
660.859375,321.24810791015625,3370.69921875,374.8112487792969,20,17649
645.2516479492188,314.14056396484375,3403.0810546875,339.18597412109375,20,17699
615.8709106445312,299.1396484375,3620.75,332.6407470703125,21,17749
749.1231079101562,365.72198486328125,3414.05126953125,339.6453552246094,21,17799
614.576416015625,298.5499267578125,3309.72314453125,337.3043212890625,21,17849
737.0972290039062,359.52581787109375,3529.471435546875,345.62237548828125,21,17899
750.6381225585938,366.50189208984375,3324.267822265625,340.7149658203125,21,17949
699.55859375,340.8473815917969,3633.9833984375,338.8057861328125,21,17999
719.2737426757812,350.67083740234375,3610.19775390625,340.998291015625,21,18049
644.0720825195312,313.6651306152344,3204.694091796875,322.31195068359375,21,18099
679.4957885742188,331.0567932128906,3666.66357421875,326.5592041015625,21,18149
659.8193359375,321.3782958984375,3794.520263671875,315.9109191894531,21,18199
691.257080078125,336.625244140625,4125.3388671875,330.5050354003906,21,18249
607.52099609375,295.0334167480469,3546.96142578125,331.12408447265625,21,18299
606.855712890625,295.4373779296875,3248.054443359375,303.16522216796875,21,18349
615.30908203125,298.81085205078125,3545.681640625,336.7084045410156,21,18399
625.390869140625,304.4412536621094,3067.623046875,320.0176696777344,21,18449
776.83056640625,379.11358642578125,3833.62841796875,351.6614990234375,21,18499
678.4947509765625,330.36175537109375,3610.30419921875,337.16546630859375,21,18549
725.4498291015625,354.0782775878906,3480.306640625,313.93212890625,22,18599
693.6322631835938,337.7869873046875,3497.3056640625,330.9314880371094,22,18649
645.312744140625,313.93682861328125,3390.9443359375,319.2757873535156,22,18699
772.8623657226562,377.44091796875,3865.55712890625,320.79461669921875,22,18749
602.8749389648438,293.2498779296875,3039.250732421875,303.08917236328125,22,18799
679.1680908203125,330.5162658691406,3706.22900390625,327.9395751953125,22,18849
765.16064453125,373.51104736328125,3529.62109375,332.0220947265625,22,18899
689.0617065429688,335.7576904296875,3643.89697265625,315.9638977050781,22,18949
761.3945922851562,371.2097473144531,4229.3818359375,335.1300048828125,22,18999
704.3309326171875,343.20623779296875,3838.7998046875,319.9922180175781,22,19049
629.9779052734375,306.7747802734375,3201.3408203125,300.613037109375,22,19099
783.921630859375,383.05181884765625,3748.389892578125,319.76324462890625,22,19149
681.4779663085938,331.29144287109375,3763.866943359375,343.8921813964844,22,19199
669.9188842773438,326.268798828125,3881.36669921875,306.8165283203125,22,19249
618.4935302734375,301.00775146484375,3226.604736328125,301.1678466796875,22,19299
657.138427734375,319.8119201660156,3940.072265625,308.51202392578125,22,19349
714.4266357421875,348.1257019042969,3754.438232421875,327.7442626953125,22,19399
733.2443237304688,357.0001220703125,3987.79345703125,331.65869140625,23,19449
736.3375854492188,359.2713317871094,3466.939208984375,311.4779052734375,23,19499
569.5433959960938,276.82861328125,3393.620849609375,271.5769348144531,23,19549
690.372314453125,336.18756103515625,3684.29638671875,311.1498718261719,23,19599
815.539794921875,398.11090087890625,3962.391845703125,333.8171081542969,23,19649
701.8087768554688,342.5003662109375,3387.21484375,291.75677490234375,23,19699
710.0270385742188,346.02386474609375,3978.95849609375,304.3560791015625,23,19749
640.972900390625,311.37469482421875,3600.7822265625,317.88531494140625,23,19799
695.6121826171875,339.2706298828125,3452.839599609375,296.04632568359375,23,19849
682.7538452148438,332.0462646484375,3683.731201171875,325.600341796875,23,19899
761.55908203125,371.3022766113281,4191.3681640625,320.939208984375,23,19949
680.3479614257812,330.6576843261719,4307.720703125,320.10498046875,23,19999
659.9237670898438,321.24517822265625,3460.397705078125,303.76080322265625,23,20049
663.2162475585938,322.7486267089844,3619.301025390625,306.5147705078125,23,20099
644.7931518554688,313.1536865234375,3908.603515625,316.89501953125,23,20149
593.0556640625,287.52130126953125,4021.642578125,304.1611633300781,23,20199
611.3115234375,297.20098876953125,3545.08935546875,290.5308532714844,23,20249
647.9297485351562,315.2239990234375,3506.452392578125,291.1514892578125,24,20299
713.0401000976562,348.2601013183594,3219.412109375,277.0936279296875,24,20349
718.6679077148438,349.7190856933594,4019.658203125,316.8762512207031,24,20399
608.7807006835938,295.689208984375,3358.27099609375,292.58380126953125,24,20449
768.240478515625,374.6322021484375,3986.21826171875,312.2891845703125,24,20499
725.9058227539062,353.8319091796875,3611.970703125,304.7921447753906,24,20549
681.478271484375,332.5409851074219,2979.1552734375,279.52508544921875,24,20599
646.0396728515625,314.18206787109375,3526.92529296875,294.7624206542969,24,20649
661.7762451171875,321.826416015625,3708.899169921875,300.3021240234375,24,20699
729.3715209960938,355.86572265625,3524.599609375,294.07305908203125,24,20749
715.6298828125,348.1681823730469,4115.193359375,316.21588134765625,24,20799
683.9229736328125,332.7428894042969,3944.91455078125,301.9229736328125,24,20849
642.15283203125,312.4752197265625,3150.054931640625,292.75640869140625,24,20899
712.6103515625,347.0355224609375,3955.20751953125,303.83502197265625,24,20949
719.9545288085938,350.6535339355469,4199.2099609375,301.0052490234375,24,20999
655.9948120117188,319.186279296875,3230.706787109375,299.8240966796875,24,21049
611.3532104492188,297.6453857421875,3175.34912109375,268.4808044433594,24,21099
617.1228637695312,332.15325927734375,3299.912109375,281.669677734375,24,21099
675.0691528320312,328.4329528808594,3832.746337890625,287.4097595214844,25,21149
713.6341552734375,347.1514892578125,3602.372314453125,314.5762939453125,25,21199
569.3353271484375,276.25750732421875,3488.6767578125,266.6336975097656,25,21249
644.0272827148438,313.268798828125,3769.751220703125,274.3982849121094,25,21299
708.4414672851562,345.4410400390625,3865.60595703125,273.8753356933594,25,21349
752.2322387695312,366.257080078125,3996.68017578125,314.42694091796875,25,21399
599.9431762695312,291.426025390625,3319.779052734375,275.42669677734375,25,21449
652.9100952148438,317.9307861328125,3586.23779296875,269.245361328125,25,21499
691.563720703125,337.22943115234375,3603.16357421875,270.03363037109375,25,21549
713.7756958007812,347.51544189453125,3970.01318359375,295.495361328125,25,21599
720.24462890625,351.2135925292969,3437.3193359375,287.60205078125,25,21649
687.6984252929688,334.797119140625,3860.46875,284.874267578125,25,21699
627.019287109375,305.0863037109375,3492.63671875,267.0816955566406,25,21749
655.9185180664062,319.20806884765625,3669.443603515625,276.65948486328125,25,21799
667.6627807617188,324.9302978515625,4029.66357421875,275.45086669921875,25,21849
582.37646484375,283.16497802734375,3347.79931640625,253.97409057617188,25,21899
654.0972290039062,317.86846923828125,3943.92626953125,277.23797607421875,26,21949
631.3922119140625,306.98175048828125,3501.458251953125,267.831787109375,26,21999
645.3880615234375,313.6929931640625,3415.1513671875,280.5173645019531,26,22049
592.7195434570312,288.26739501953125,3276.0185546875,248.24566650390625,26,22099
596.9764404296875,290.2622375488281,3299.105712890625,252.939453125,26,22149
633.453857421875,307.61102294921875,3867.683349609375,276.233642578125,26,22199
734.7506713867188,357.6962890625,4018.080322265625,295.0010070800781,26,22249
643.33544921875,312.7138671875,3708.7216796875,273.05731201171875,26,22299
734.9127197265625,358.6993713378906,3580.20361328125,267.95751953125,26,22349
657.627197265625,320.0072326660156,3254.099365234375,276.127685546875,26,22399
697.6484375,339.79144287109375,3513.130615234375,279.8544616699219,26,22449
613.5716552734375,298.2763366699219,3470.271484375,260.55194091796875,26,22499
664.6180419921875,322.8143005371094,3717.01416015625,293.69952392578125,26,22549
626.6088256835938,304.45166015625,3786.160888671875,267.6800231933594,26,22599
612.4863891601562,297.7132568359375,3443.4931640625,261.8539123535156,26,22649
626.659423828125,304.7762756347656,3497.436279296875,261.719482421875,26,22699
611.9890747070312,297.2699279785156,3456.91845703125,269.0829772949219,26,22749
675.878173828125,328.69915771484375,3867.1572265625,270.6051025390625,27,22799
620.2108764648438,301.413330078125,3511.451171875,256.9024963378906,27,22849
636.2284545898438,309.299560546875,3301.009765625,265.3394775390625,27,22899
605.1696166992188,293.5697937011719,3861.572265625,262.3787841796875,27,22949
721.9110717773438,351.888427734375,3681.09130859375,267.64996337890625,27,22999
782.2214965820312,381.61962890625,4098.26953125,275.6295166015625,27,23049
720.0875854492188,350.3924865722656,4190.9140625,279.84619140625,27,23099
572.4571533203125,278.3203125,3607.55224609375,226.09251403808594,27,23149
661.5930786132812,322.0796813964844,3679.41748046875,254.7087860107422,27,23199
625.3611450195312,303.3299560546875,3601.33935546875,279.62799072265625,27,23249
646.1629028320312,314.47296142578125,3755.550537109375,249.28594970703125,27,23299
638.166259765625,310.98193359375,3393.26318359375,237.20614624023438,27,23349
662.3338012695312,321.7273864746094,3836.654296875,278.56256103515625,27,23399
622.41015625,302.5303649902344,3572.215087890625,255.1333465576172,27,23449
732.7324829101562,357.495849609375,3868.363037109375,256.89703369140625,27,23499
637.456298828125,309.65191650390625,4050.30859375,261.1510009765625,27,23549
616.9638671875,299.7275390625,3689.85595703125,255.90603637695312,27,23599
646.4446411132812,314.59393310546875,3487.13623046875,245.88711547851562,28,23649
682.7670288085938,332.2238464355469,4008.208251953125,255.556396484375,28,23699
632.656494140625,307.76654052734375,3589.31689453125,241.68026733398438,28,23749
710.5167236328125,346.201904296875,3817.74609375,255.27056884765625,28,23799
594.474609375,288.3255920410156,3882.16015625,248.95147705078125,28,23849
660.1014404296875,321.7928466796875,3370.0966796875,234.74301147460938,28,23899
677.4739990234375,329.8595886230469,3721.893310546875,250.5869903564453,28,23949
593.6549072265625,288.28057861328125,3485.96533203125,242.996337890625,28,23999
679.0888671875,330.7054748535156,3841.80078125,247.07369995117188,28,24049
669.3763427734375,325.78863525390625,3340.63330078125,258.1858215332031,28,24099
626.218994140625,304.4303283691406,3615.16015625,245.41319274902344,28,24149
628.5438232421875,306.0032653808594,3719.25390625,228.89407348632812,28,24199
662.77197265625,322.75799560546875,3414.276123046875,247.17315673828125,28,24249
605.2195434570312,294.1827087402344,3252.28173828125,242.8900146484375,28,24299
589.7777709960938,286.55975341796875,3208.08837890625,240.18153381347656,28,24349
639.2017822265625,311.1729736328125,3546.263671875,237.67086791992188,28,24399
552.7291259765625,268.22259521484375,3672.89453125,225.19664001464844,28,24449
649.366943359375,315.92724609375,3678.878662109375,238.50918579101562,29,24499
652.8661499023438,317.7559814453125,3571.638916015625,237.62997436523438,29,24549
565.2027587890625,273.8323059082031,4041.16943359375,232.70619201660156,29,24599
618.9223022460938,300.2520751953125,4382.9482421875,241.98617553710938,29,24649
653.533447265625,318.42303466796875,3332.7421875,230.2516326904297,29,24699
586.2884521484375,284.83074951171875,3458.267578125,227.04656982421875,29,24749
654.0234985351562,317.9289245605469,3857.96044921875,246.68399047851562,29,24799
673.9351196289062,328.44671630859375,3638.01025390625,231.09841918945312,29,24849
638.14892578125,310.3624267578125,3887.593994140625,233.38815307617188,29,24899
707.4304809570312,344.52215576171875,4252.4775390625,243.68394470214844,29,24949
660.3331909179688,321.12579345703125,4056.177001953125,241.81854248046875,29,24999
632.5385131835938,307.5735168457031,3685.4658203125,236.30975341796875,29,25049
654.8873291015625,318.1278381347656,4428.755859375,244.87771606445312,29,25099
644.9865112304688,313.719970703125,3719.99609375,238.38949584960938,29,25149
591.846435546875,287.6651916503906,3327.9248046875,227.38153076171875,29,25199
675.3711547851562,328.9232177734375,3898.317138671875,234.93763732910156,29,25249
468.8532409667969,227.0364990234375,3003.301513671875,203.0509033203125,29,25299
559.7518920898438,326.28314208984375,3575.038330078125,229.89370727539062,29,25319
635.0964965820312,308.859619140625,3859.7158203125,225.29234313964844,30,25349
643.2433471679688,312.8447265625,4021.2744140625,225.542724609375,30,25399
775.2525024414062,377.7482604980469,4661.580078125,251.57327270507812,30,25449
588.9361572265625,285.8233642578125,3839.222900390625,224.17041015625,30,25499
750.6802978515625,366.0157470703125,3933.060791015625,245.26220703125,30,25549
740.2532958984375,361.1319580078125,4234.18896484375,229.25289916992188,30,25599
603.1023559570312,293.46148681640625,3556.64892578125,210.37930297851562,30,25649
651.7206420898438,316.98455810546875,4120.53076171875,227.18307495117188,30,25699
734.0194702148438,358.44842529296875,3592.91015625,225.4951629638672,30,25749
756.6382446289062,369.6340637207031,3922.84716796875,224.12069702148438,30,25799
646.107666015625,314.4880676269531,3418.568115234375,228.54937744140625,30,25849
613.623779296875,298.3354797363281,3849.185791015625,218.39430236816406,30,25899
755.9509887695312,369.1630859375,3948.672119140625,227.9353790283203,30,25949
652.075927734375,317.5511779785156,3384.772216796875,226.48062133789062,30,25999
642.5074462890625,312.7495422363281,3775.5029296875,220.54786682128906,30,26049
714.46533203125,347.783447265625,3777.53857421875,252.0148162841797,30,26099
594.7547607421875,289.1261291503906,3667.21533203125,213.9207763671875,30,26149
603.822021484375,293.619873046875,3603.817138671875,209.3302459716797,31,26199
684.5604248046875,333.4022216796875,3971.810546875,222.3250732421875,31,26249
705.8806762695312,344.2855224609375,3715.126953125,219.26589965820312,31,26299
569.679931640625,276.465576171875,3801.8330078125,208.82208251953125,31,26349
528.3403930664062,255.81861877441406,4011.473388671875,204.7041015625,31,26399
606.6875610351562,295.3380126953125,3463.687744140625,202.38442993164062,31,26449
615.0127563476562,299.41693115234375,3827.472900390625,199.21676635742188,31,26499
670.8985595703125,326.31060791015625,4107.4462890625,228.54745483398438,31,26549
588.8627319335938,286.0625,3578.48193359375,212.24563598632812,31,26599
607.8697509765625,295.9359130859375,3848.873779296875,195.9525146484375,31,26649
596.0912475585938,289.36627197265625,3981.116943359375,215.766845703125,31,26699
582.4447021484375,282.7904968261719,3897.71142578125,209.1287384033203,31,26749
628.2513427734375,305.822021484375,3529.4794921875,210.93240356445312,31,26799
649.1198120117188,316.4062194824219,3457.98974609375,207.24810791015625,31,26849
650.5927124023438,316.7119140625,3904.3505859375,213.94375610351562,31,26899
654.156005859375,318.2015380859375,3982.051025390625,222.11106872558594,31,26949
620.86474609375,302.2109375,3701.8173828125,205.50045776367188,31,26999
749.0831298828125,364.7161560058594,4165.7802734375,241.9537353515625,32,27049
574.7223510742188,279.61456298828125,3442.7265625,188.28878784179688,32,27099
607.4584350585938,295.2900695800781,3887.12451171875,202.98699951171875,32,27149
665.8818359375,324.5671691894531,3720.949951171875,203.54010009765625,32,27199
556.8505249023438,270.4539794921875,3421.9033203125,195.63616943359375,32,27249
626.5128173828125,304.7081298828125,4003.058837890625,204.58590698242188,32,27299
588.2706909179688,286.1174621582031,3398.147705078125,197.46302795410156,32,27349
616.8771362304688,300.16961669921875,3626.4990234375,201.74066162109375,32,27399
605.5880737304688,294.7880859375,3605.25830078125,193.8538360595703,32,27449
698.4397583007812,340.22601318359375,4162.60546875,216.01791381835938,32,27499
645.4358520507812,314.3932800292969,3638.713134765625,203.2895965576172,32,27549
755.1506958007812,368.28228759765625,3986.28564453125,228.12277221679688,32,27599
642.6119995117188,313.08526611328125,3599.972900390625,200.648193359375,32,27649
753.5291137695312,367.6434631347656,4496.17333984375,214.78134155273438,32,27699
596.1221313476562,289.7569885253906,3713.0341796875,201.48672485351562,32,27749
719.8068237304688,351.07977294921875,3967.151611328125,213.7520294189453,32,27799
650.8677368164062,316.77557373046875,4308.53564453125,203.2513427734375,32,27849
623.8248901367188,303.6000061035156,3744.809814453125,195.15216064453125,33,27899
626.324951171875,304.650390625,4097.66455078125,195.856201171875,33,27949
614.7774047851562,299.280517578125,3565.35888671875,191.6819610595703,33,27999
662.419189453125,322.4353942871094,4265.0908203125,201.26211547851562,33,28049
617.9327392578125,300.3429870605469,3597.478515625,206.8075408935547,33,28099
627.5387573242188,305.8902893066406,3214.041015625,190.0629425048828,33,28149
570.5984497070312,276.9314270019531,3687.301513671875,197.70120239257812,33,28199
646.8447265625,314.712890625,3562.2216796875,209.951171875,33,28249
627.2554321289062,305.160888671875,4009.74951171875,195.81655883789062,33,28299
661.2568359375,322.3037109375,3230.409912109375,203.31858825683594,33,28349
643.4310302734375,313.5444641113281,3490.076416015625,194.72804260253906,33,28399
605.2617797851562,294.4453125,4388.708984375,181.55178833007812,33,28449
753.2050170898438,367.5016784667969,4443.79736328125,208.4528350830078,33,28499
578.0407104492188,281.093994140625,3781.095703125,182.9036102294922,33,28549
545.43994140625,264.82061767578125,3602.8701171875,184.7858428955078,33,28599
641.1316528320312,312.00628662109375,3863.502685546875,200.84207153320312,33,28649
719.3328247070312,350.6775817871094,4086.697509765625,204.2790985107422,34,28699
649.5455322265625,316.3870849609375,3962.48583984375,188.36624145507812,34,28749
647.9064331054688,315.05670166015625,4312.8466796875,198.2381134033203,34,28799
677.2665405273438,330.12158203125,3761.240478515625,195.0313720703125,34,28849
652.4865112304688,317.934814453125,3405.56884765625,194.2840118408203,34,28899
597.8552856445312,290.8301696777344,3384.50537109375,188.3883819580078,34,28949
733.708251953125,357.67510986328125,4348.2294921875,206.02713012695312,34,28999
632.9287109375,307.6401062011719,3887.8251953125,202.3632354736328,34,29049
802.5353393554688,392.3712463378906,4247.427734375,199.1969757080078,34,29099
668.0401000976562,325.2262268066406,3924.69287109375,200.92550659179688,34,29149
781.6814575195312,382.11175537109375,4175.69287109375,195.32675170898438,34,29199
635.9188842773438,309.9775390625,3453.48876953125,183.9749298095703,34,29249
671.7800903320312,327.69708251953125,3817.093994140625,184.836181640625,34,29299
586.2355346679688,284.1070556640625,3879.957275390625,207.96295166015625,34,29349
697.742919921875,339.9342956542969,4037.279296875,203.48562622070312,34,29399
639.0880126953125,310.5737609863281,4265.11474609375,201.1083984375,34,29449
567.5502319335938,276.0009765625,3585.42578125,175.92413330078125,34,29499
516.2266845703125,320.341552734375,3660.832763671875,192.22434997558594,34,29539
596.35498046875,290.18902587890625,3574.74267578125,177.1738739013672,35,29549
601.2302856445312,292.4637145996094,3663.87548828125,180.55679321289062,35,29599
677.5759887695312,329.69140625,4033.484130859375,202.28073120117188,35,29649
614.9164428710938,299.16314697265625,3920.487548828125,180.99557495117188,35,29699
566.2450561523438,275.33233642578125,3543.14990234375,171.96038818359375,35,29749
701.1738891601562,342.2073059082031,3962.134765625,182.81576538085938,35,29799
693.2111206054688,337.2843017578125,4168.28173828125,206.77450561523438,35,29849
650.7451171875,317.01190185546875,3963.500732421875,182.25430297851562,35,29899
569.0327758789062,276.4994812011719,3621.703125,177.31546020507812,35,29949
629.151123046875,306.41326904296875,3584.780517578125,181.996826171875,35,29999
603.8936767578125,293.7815856933594,3892.43798828125,177.68663024902344,35,30049
705.033203125,343.97967529296875,4216.21923828125,183.68038940429688,35,30099
607.6058959960938,295.85302734375,3705.42919921875,174.20545959472656,35,30149
606.703125,295.1410217285156,3523.6376953125,184.24905395507812,35,30199
668.9597778320312,325.7104187011719,4263.6552734375,189.64682006835938,35,30249
622.1626586914062,303.02056884765625,3405.06884765625,181.6631317138672,35,30299
565.6473388671875,274.36346435546875,3973.3056640625,184.95858764648438,35,30349
771.1635131835938,376.39471435546875,4189.00341796875,197.01495361328125,36,30399
626.39453125,304.91357421875,3456.03173828125,182.1016845703125,36,30449
675.0360717773438,328.7845764160156,4062.61328125,186.17076110839844,36,30499
567.5916137695312,276.12786865234375,3572.43505859375,163.38082885742188,36,30549
675.528564453125,328.7939758300781,4145.4951171875,191.59832763671875,36,30599
641.25341796875,311.83782958984375,4063.00146484375,187.70541381835938,36,30649
649.7178955078125,316.3865966796875,4002.17919921875,179.75698852539062,36,30699
717.8436889648438,350.201416015625,4357.73583984375,181.7103271484375,36,30749
691.4982299804688,336.3788146972656,4447.92626953125,198.50936889648438,36,30799
597.6531372070312,290.8560791015625,3690.423095703125,170.14669799804688,36,30849
613.719970703125,298.693603515625,4095.46337890625,169.962890625,36,30899
621.3678588867188,302.9446716308594,3717.039306640625,163.35415649414062,36,30949
640.7236938476562,312.025390625,3895.18115234375,177.4678497314453,36,30999
659.0702514648438,321.2864990234375,3559.152099609375,179.69607543945312,36,31049
633.8653564453125,308.5044860839844,4141.20654296875,176.5989532470703,36,31099
710.9393920898438,346.966796875,4120.0107421875,178.96961975097656,36,31149
621.67431640625,302.58306884765625,3721.11181640625,177.59774780273438,36,31199
674.007568359375,328.618408203125,3709.9228515625,176.497802734375,37,31249
637.8594360351562,310.45556640625,4028.97998046875,174.58489990234375,37,31299
695.4160766601562,339.5672607421875,3638.83544921875,170.84768676757812,37,31349
686.6566772460938,335.3016052246094,3577.873046875,168.5893096923828,37,31399
675.9505615234375,329.5203857421875,3694.48828125,178.58477783203125,37,31449
518.708984375,252.08856201171875,3539.21875,148.54872131347656,37,31499
583.69287109375,283.543212890625,4087.355224609375,169.1774444580078,37,31549
632.08056640625,307.6791076660156,4150.583984375,169.88880920410156,37,31599
618.2239379882812,301.1280517578125,3647.82373046875,166.48675537109375,37,31649
692.5641479492188,337.6995849609375,4210.361328125,175.0621337890625,37,31699
584.87255859375,284.4364318847656,4176.849609375,159.7674560546875,37,31749
640.1685180664062,311.4488525390625,3945.685791015625,180.0697479248047,37,31799
657.74560546875,320.2699279785156,3998.159423828125,178.48040771484375,37,31849
584.986328125,284.7305908203125,3484.779052734375,162.70704650878906,37,31899
587.8409423828125,286.1998596191406,3676.18115234375,158.98684692382812,37,31949
632.317138671875,307.7689208984375,3826.519775390625,175.03720092773438,37,31999
546.5767211914062,265.60394287109375,3546.16015625,159.7660675048828,37,32049
598.9850463867188,291.7124328613281,3731.8232421875,155.6361083984375,38,32099
720.9194946289062,351.61419677734375,3975.9609375,180.46282958984375,38,32149
659.1083374023438,320.83966064453125,3894.739013671875,178.08273315429688,38,32199
562.4798583984375,273.2337646484375,4004.78466796875,157.99411010742188,38,32249
641.1488647460938,312.80474853515625,3707.629150390625,155.6804962158203,38,32299
587.2427368164062,285.4615478515625,3493.894287109375,168.7601776123047,38,32349
666.5961303710938,325.21600341796875,3570.12255859375,165.71072387695312,38,32399
506.4936828613281,245.6627197265625,3800.362060546875,149.57766723632812,38,32449
584.8778686523438,284.596435546875,3682.65234375,157.9251708984375,38,32499
588.204833984375,285.8560485839844,3873.718505859375,166.0399932861328,38,32549
556.4432983398438,270.6229248046875,3340.22802734375,156.01649475097656,38,32599
611.6029663085938,297.18316650390625,3701.497314453125,178.09414672851562,38,32649
591.0266723632812,287.75384521484375,4006.32080078125,151.482421875,38,32699
564.8942260742188,273.9607238769531,4048.0888671875,170.06158447265625,38,32749
592.0953979492188,287.79937744140625,3880.462646484375,166.00234985351562,38,32799
615.322998046875,299.51263427734375,3664.08154296875,166.23226928710938,38,32849
729.923095703125,355.9416198730469,4445.802734375,178.8687744140625,38,32899
673.8672485351562,328.86627197265625,3799.913330078125,158.13790893554688,39,32949
736.3350830078125,359.05511474609375,4804.802734375,172.05145263671875,39,32999
688.3588256835938,335.56939697265625,3867.90478515625,171.1807861328125,39,33049
553.0596313476562,268.72222900390625,3333.841796875,157.4528350830078,39,33099
677.408203125,330.410400390625,4121.7822265625,159.81600952148438,39,33149
592.7592163085938,288.7873840332031,3700.52734375,147.23040771484375,39,33199
622.3914184570312,302.8020324707031,3963.7080078125,164.40567016601562,39,33249
713.8638916015625,347.7921447753906,4341.21435546875,178.69737243652344,39,33299
598.6813354492188,291.34912109375,3740.66455078125,156.95433044433594,39,33349
614.5323486328125,299.00439453125,4180.2626953125,158.24765014648438,39,33399
587.53076171875,285.60235595703125,3771.98046875,160.94989013671875,39,33449
669.644287109375,326.3870849609375,4131.42724609375,163.31674194335938,39,33499
658.263427734375,320.82501220703125,3928.553466796875,162.6262664794922,39,33549
708.1488037109375,345.16534423828125,4044.50634765625,176.58522033691406,39,33599
577.0181884765625,280.73504638671875,3651.26025390625,152.52366638183594,39,33649
558.9090576171875,271.67626953125,3790.8408203125,150.84213256835938,39,33699
670.5919189453125,326.82415771484375,4178.044921875,163.66131591796875,39,33749
475.4147033691406,316.16278076171875,3914.357666015625,155.33753967285156,39,33759
563.01611328125,273.8453369140625,3759.22216796875,144.5774383544922,40,33799
534.3803100585938,259.1998291015625,3721.663330078125,153.2369384765625,40,33849
667.5493774414062,325.7790222167969,3638.6689453125,154.40843200683594,40,33899
589.3533325195312,286.98114013671875,3675.582275390625,146.4429168701172,40,33949
657.9111328125,320.8071594238281,4386.1279296875,148.8842010498047,40,33999
652.8302612304688,318.846923828125,3984.5576171875,139.39820861816406,40,34049
568.6654663085938,276.97216796875,3348.90673828125,142.15347290039062,40,34099
574.7809448242188,279.16021728515625,3725.374267578125,159.18881225585938,40,34149
713.5787353515625,348.26416015625,4235.1435546875,160.19064331054688,40,34199
528.7831420898438,256.45513916015625,3511.322509765625,154.51870727539062,40,34249
587.1246948242188,285.3852233886719,4002.878662109375,154.39198303222656,40,34299
601.0314331054688,292.5294189453125,3985.699462890625,149.83599853515625,40,34349
579.3414306640625,281.48040771484375,3961.93896484375,155.23390197753906,40,34399
719.0331420898438,350.8602294921875,4019.6416015625,166.1630096435547,40,34449
731.0146484375,356.3735656738281,4369.8251953125,173.72125244140625,40,34499
656.7015380859375,320.05023193359375,3703.2822265625,161.22225952148438,40,34549
627.5004272460938,305.7047119140625,3780.872802734375,153.876220703125,40,34599
640.6578369140625,311.2690124511719,4281.4482421875,168.76080322265625,41,34649
696.1778564453125,339.46173095703125,4163.13134765625,159.64927673339844,41,34699
580.4439697265625,282.2767028808594,3443.3759765625,151.79510498046875,41,34749
586.1256103515625,285.19903564453125,3634.40625,147.4774627685547,41,34799
597.568115234375,290.74658203125,4131.9208984375,145.647216796875,41,34849
619.4290161132812,301.3125305175781,4403.47509765625,151.22525024414062,41,34899
646.6771850585938,315.41290283203125,3628.6328125,149.0577392578125,41,34949
697.2030639648438,339.98773193359375,4005.67138671875,161.24322509765625,41,34999
647.1138916015625,314.78887939453125,4378.3046875,160.46139526367188,41,35049
708.9063110351562,345.6682434082031,3955.4208984375,166.02886962890625,41,35099
592.5250854492188,287.9137268066406,4072.8544921875,153.96043395996094,41,35149
615.047607421875,299.7962646484375,3844.28564453125,141.59454345703125,41,35199
591.0657348632812,288.1204528808594,3576.0185546875,137.18113708496094,41,35249
641.46484375,312.2773742675781,3863.162353515625,159.10934448242188,41,35299
548.3162231445312,266.52001953125,3470.526123046875,143.9713134765625,41,35349
564.8663940429688,274.89068603515625,3750.48095703125,138.22576904296875,41,35399
610.685546875,297.6786804199219,3647.17041015625,139.0596923828125,42,35449
596.9846801757812,290.4263916015625,4082.0234375,143.45101928710938,42,35499
664.1995849609375,323.6813659667969,3923.616943359375,153.7288055419922,42,35549
592.3704833984375,288.93231201171875,3556.436767578125,130.3499298095703,42,35599
645.9037475585938,314.94488525390625,4227.46044921875,140.31517028808594,42,35649
660.3794555664062,321.8062744140625,4298.41845703125,148.43495178222656,42,35699
674.5393676757812,328.8432922363281,4024.6943359375,152.71505737304688,42,35749
568.264892578125,276.4354553222656,3407.298583984375,142.698486328125,42,35799
646.0966186523438,314.52703857421875,4383.556640625,150.70236206054688,42,35849
712.5963134765625,348.1334533691406,3921.948974609375,147.7080535888672,42,35899
642.9013671875,312.5180969238281,4317.3388671875,161.28387451171875,42,35949
642.380126953125,313.06207275390625,3900.26318359375,147.091796875,42,35999
608.9002075195312,296.6792297363281,3385.524658203125,144.71707153320312,42,36049
609.0270385742188,296.7640686035156,3582.7451171875,141.858642578125,42,36099
621.422119140625,302.9822082519531,3561.7509765625,141.61810302734375,42,36149
685.1275634765625,334.26165771484375,3848.69287109375,151.85171508789062,42,36199
666.57861328125,324.8736572265625,4007.580322265625,152.66326904296875,42,36249
582.2484741210938,283.1319580078125,3744.63623046875,142.32469177246094,43,36299
666.4122314453125,324.7785339355469,3800.75146484375,151.7950439453125,43,36349
573.4008178710938,279.0616760253906,3975.7578125,131.41476440429688,43,36399
577.4136352539062,280.853515625,3970.19873046875,136.46990966796875,43,36449
632.6824340820312,307.99298095703125,3916.415771484375,148.60504150390625,43,36499
635.108154296875,309.76544189453125,3640.205078125,138.80331420898438,43,36549
679.3008422851562,331.5462341308594,3827.238525390625,143.96714782714844,43,36599
691.4119262695312,337.095703125,4151.28173828125,151.96771240234375,43,36649
650.0348510742188,317.2653503417969,3691.94189453125,137.35073852539062,43,36699
532.2597045898438,258.4153747558594,3874.04248046875,134.35968017578125,43,36749
657.7109985351562,320.96746826171875,3798.59033203125,139.27273559570312,43,36799
673.0885620117188,328.6522521972656,3661.152587890625,140.96450805664062,43,36849
589.0096435546875,286.89947509765625,3305.89453125,138.42770385742188,43,36899
683.2127685546875,334.10394287109375,3588.701904296875,132.74623107910156,43,36949
664.7561645507812,324.1912841796875,3945.1201171875,144.51708984375,43,36999
675.0684204101562,328.795166015625,4375.1904296875,152.35906982421875,43,37049
573.3206787109375,279.0023193359375,3757.52294921875,134.40179443359375,43,37099
686.8477172851562,335.28564453125,3774.18408203125,142.071044921875,44,37149
687.5586547851562,335.4751281738281,4269.22265625,140.2178955078125,44,37199
671.76220703125,327.83782958984375,3937.8466796875,138.052978515625,44,37249
644.2127075195312,313.63818359375,4274.95703125,143.87939453125,44,37299
613.0692138671875,299.13323974609375,3457.893798828125,128.918701171875,44,37349
610.1339721679688,296.4957275390625,4169.859375,147.4166259765625,44,37399
602.3234252929688,293.07952880859375,3711.185302734375,141.5135498046875,44,37449
696.99169921875,340.0850830078125,4123.9619140625,144.29039001464844,44,37499
633.1311645507812,308.38995361328125,3973.221923828125,140.65939331054688,44,37549
582.05419921875,283.2071838378906,3914.27783203125,133.244384765625,44,37599
603.8175659179688,294.04058837890625,3796.47314453125,135.68118286132812,44,37649
653.8250122070312,318.910888671875,4149.92919921875,134.69720458984375,44,37699
577.5053100585938,280.839599609375,4017.1982421875,134.1922607421875,44,37749
605.1091918945312,294.6823425292969,3611.109375,137.8800048828125,44,37799
665.6328125,324.2109375,4338.8876953125,146.2732391357422,44,37849
630.8525390625,307.58282470703125,3405.212646484375,139.5645751953125,44,37899
638.9855346679688,310.7467041015625,4165.74560546875,151.43569946289062,44,37949
446.4810791015625,311.6904602050781,3957.143310546875,130.83340454101562,44,37979
642.9810180664062,313.54791259765625,3688.8388671875,135.51473999023438,45,37999
546.2078857421875,265.9106140136719,3258.40673828125,123.64694213867188,45,38049
617.1561889648438,300.2976379394531,3923.36474609375,140.41749572753906,45,38099
641.855712890625,312.61383056640625,4119.96435546875,138.97900390625,45,38149
659.3893432617188,321.635498046875,3934.16796875,135.38009643554688,45,38199
600.115966796875,292.63555908203125,3401.308837890625,127.15052032470703,45,38249
604.6550903320312,294.30596923828125,4112.3291015625,132.56515502929688,45,38299
543.3466796875,264.32470703125,3449.446044921875,124.97567749023438,45,38349
639.590087890625,311.1202392578125,4140.5517578125,146.76727294921875,45,38399
645.8359375,314.8971252441406,4032.81396484375,133.43142700195312,45,38449
637.43994140625,310.4189453125,3974.503662109375,140.30648803710938,45,38499
548.8753662109375,266.64703369140625,3799.364990234375,130.91024780273438,45,38549
596.5336303710938,290.9761657714844,3482.884033203125,123.31524658203125,45,38599
556.7926635742188,271.0655517578125,3666.31787109375,122.16900634765625,45,38649
629.0738525390625,306.53948974609375,3986.26123046875,133.42904663085938,45,38699
596.7650756835938,290.3511962890625,3728.13916015625,137.05027770996094,45,38749
538.2698974609375,260.951416015625,4179.0595703125,135.42176818847656,45,38799
544.7259521484375,264.9690856933594,3313.279052734375,124.72293853759766,46,38849
653.4508666992188,318.001708984375,4234.587890625,143.6185760498047,46,38899
541.9837036132812,263.33856201171875,3765.666259765625,125.44427490234375,46,38949
632.9805297851562,308.51251220703125,3818.64501953125,131.92190551757812,46,38999
678.8642578125,331.1290283203125,4187.97607421875,134.98056030273438,46,39049
601.385498046875,292.62860107421875,4088.28515625,130.87026977539062,46,39099
635.1810302734375,309.059814453125,4376.587890625,137.87814331054688,46,39149
568.8905639648438,276.9313659667969,3449.36083984375,125.85334014892578,46,39199
599.5108032226562,291.4123229980469,4046.28125,137.38998413085938,46,39249
582.949462890625,283.83502197265625,3555.084228515625,127.43836212158203,46,39299
613.5505981445312,298.8457946777344,3924.22900390625,129.72528076171875,46,39349
541.482177734375,263.55743408203125,3607.9228515625,116.9498291015625,46,39399
534.7459716796875,260.05169677734375,3516.149658203125,120.93910217285156,46,39449
546.8289184570312,265.48333740234375,3669.743408203125,132.52728271484375,46,39499
559.37060546875,272.39501953125,3218.472412109375,123.5014877319336,46,39549
688.632080078125,335.5714111328125,4450.8515625,141.72177124023438,46,39599
585.6298217773438,284.8490295410156,3694.855224609375,133.00978088378906,46,39649
627.2793579101562,305.652099609375,4061.18994140625,126.74400329589844,47,39699
622.1824340820312,303.21392822265625,4009.095703125,124.9519271850586,47,39749
570.9849853515625,277.9914245605469,3627.300537109375,121.00872802734375,47,39799
683.3019409179688,333.56146240234375,3879.212890625,130.84878540039062,47,39849
537.94287109375,261.79302978515625,3746.896484375,112.87165832519531,47,39899
613.621337890625,299.12261962890625,3724.323486328125,123.95523071289062,47,39949
704.8047485351562,344.3925476074219,3847.47705078125,129.49118041992188,47,39999
597.095703125,290.6125183105469,3829.89453125,128.09339904785156,47,40049
668.3706665039062,326.01544189453125,4139.2294921875,129.7933349609375,47,40099
637.2547607421875,310.28424072265625,3721.7421875,137.92080688476562,47,40149
571.0128784179688,278.093994140625,3718.881103515625,118.14938354492188,47,40199
681.7127075195312,331.53173828125,4394.90185546875,151.64187622070312,47,40249
591.6858520507812,287.1177673339844,4291.5576171875,139.98678588867188,47,40299
600.791259765625,291.9759216308594,4163.0283203125,134.85552978515625,47,40349
546.8751831054688,266.07061767578125,3475.59228515625,119.76959228515625,47,40399
584.609375,284.5301818847656,3745.248046875,125.57221984863281,47,40449
638.7831420898438,311.29681396484375,4052.23974609375,129.1201171875,47,40499
653.990234375,318.7952880859375,3532.5751953125,134.03201293945312,48,40549
662.5923461914062,323.19720458984375,3667.50341796875,130.52581787109375,48,40599
516.786865234375,251.490234375,3272.345947265625,109.72993469238281,48,40649
608.1738891601562,296.20465087890625,3849.25048828125,124.11831665039062,48,40699
715.42919921875,348.82244873046875,4314.0009765625,140.31552124023438,48,40749
615.5642700195312,300.1444091796875,3716.42529296875,120.40652465820312,48,40799
669.9843139648438,326.7611389160156,3930.05078125,130.54139709472656,48,40849
563.9677734375,273.3244323730469,4257.01171875,136.06143188476562,48,40899
627.2557983398438,305.904052734375,4017.74365234375,119.06184387207031,48,40949
592.5931396484375,287.8310241699219,3922.54345703125,135.5057373046875,48,40999
664.881591796875,324.0268249511719,4112.19775390625,132.45590209960938,48,41049
618.78173828125,301.1785888671875,3858.382080078125,130.89723205566406,48,41099
587.6534423828125,285.77178955078125,3668.82861328125,129.59402465820312,48,41149
589.8966674804688,286.8121032714844,3802.816650390625,129.89236450195312,48,41199
570.0311889648438,276.9786376953125,4081.80615234375,124.91804504394531,48,41249
523.7073364257812,253.95962524414062,3940.17919921875,123.41569519042969,48,41299
529.8062744140625,257.4590148925781,3670.493896484375,116.85162353515625,48,41349
570.1840209960938,277.3797607421875,3891.45166015625,117.68376922607422,49,41399
630.2249755859375,306.96771240234375,3733.4541015625,128.12313842773438,49,41449
629.8156127929688,306.36865234375,4194.6806640625,131.46556091308594,49,41499
547.2451171875,265.8183898925781,3925.38037109375,119.21417999267578,49,41549
689.77783203125,336.5751953125,4200.533203125,126.8051986694336,49,41599
633.1939086914062,308.1008605957031,4322.1650390625,129.28598022460938,49,41649
652.9520874023438,318.3715515136719,3756.326416015625,127.0675048828125,49,41699
575.6790771484375,279.2698059082031,4203.69091796875,131.99813842773438,49,41749
598.5451049804688,290.86962890625,4154.818359375,129.09164428710938,49,41799
660.9541015625,322.4346923828125,3860.75927734375,124.73399353027344,49,41849
644.8432006835938,313.94085693359375,3938.478515625,132.8878173828125,49,41899
624.469482421875,303.91748046875,4319.5166015625,125.66323852539062,49,41949
579.6734619140625,281.95489501953125,3917.228759765625,120.88188934326172,49,41999
652.5798950195312,317.67681884765625,4032.433837890625,134.6312255859375,49,42049
657.1381225585938,320.528076171875,3864.838134765625,124.6645736694336,49,42099
602.7603759765625,293.76239013671875,3496.5419921875,119.78644561767578,49,42149
554.2353515625,269.7096862792969,3645.001953125,113.98937225341797,49,42199
436.07684326171875,310.4931335449219,3844.464111328125,121.73925018310547,49,42199
